/*Alumno: Correo electronico*/
7CNW Giovanna Vivas: giovannavivas25@gmail.com
7CNW Sergio Ruiz: Sergiomanuelru1@gmail.com
7CNW Jhonny Torres: jhonnytorres3@gmail.com
7CNW Luis Miguel Pérez: lmpm162@gmail.com
7CNW Mario Azuaje: andresmario62@gmail.com
7CNW Matías Gutiérrez: mj.gutierreznn@gmail.com
7CNW Jorge Tovar: jotovar212@gmail.com
7CMW Dilinyer Castillo: dilinyerecr@gmail.com
7CNW Cesart Ramírez: cesararturoramirezsanchez@gmail.com
7CNW Joseph Figueroa: alexanderfigueroa232@gmail.com
7CNW Daniel Arjona: danielarjonajm@gmail.com
7CNW José Martin: jmmf140@gmail.com
7CNW Alexnis Herrera: aherreraubv@gmail.com
7CNW Maria Rivero: riveromaria2113@gmail.com
7CBW Sharon Guedez: guedez.sharon@gmail.com
7CNW Luis Sira: siraluise@gmail.com
7CMW Luzvelia Nuñez: luzvelia.ene@gmail.com
7CMW Nelson Garcia: drosswerever@gmail.com
7CMW Richard Hernández: hernandezrichard74@gmail.com
7CNW Jonathan Viloria: jonang2911@gmail.com
7CNW Marlon García: marlongarcia27948@gmail.com
7CNW Elia Valentina Guzmán: arrendajogreen@gmail.com
7CBW Marcos Martinez: mrsmtz0402@gmail.com
7CNW Héctor Castillo: hectorcastillo280303@gmail.com
7CNW Alejandra Diaz: alejandramdiaz3@gmail.com
7CNW Francisco Molina: franciscomolina92@gmail.com
7CNW Joyman Castro: Joymancastro@gmail.com
7CNW Ruben Dario: dzruben30@gmail.com
7CNW Roger Villamizar: roger.villamizar04@gmail.com
7CNW Andres Pinto: andrespintoalejandro@gmail.com
7CNW Alberto: albertojcm333@gmail.com
7CBW Gabriel Nava: gnava2170@gmail.com


/*Correo Electronico*/
giovannavivas25@gmail.com
Sergiomanuelru1@gmail.com
jhonnytorres3@gmail.com
lmpm162@gmail.com
andresmario62@gmail.com
mj.gutierreznn@gmail.com
jotovar212@gmail.com
dilinyerecr@gmail.com
cesararturoramirezsanchez@gmail.com
alexanderfigueroa232@gmail.com
danielarjonajm@gmail.com
jmmf140@gmail.com
aherreraubv@gmail.com
riveromaria2113@gmail.com
guedez.sharon@gmail.com
siraluise@gmail.com
luzvelia.ene@gmail.com
drosswerever@gmail.com
hernandezrichard74@gmail.com
jonang2911@gmail.com
marlongarcia27948@gmail.com
arrendajogreen@gmail.com
mrsmtz0402@gmail.com
hectorcastillo280303@gmail.com
alejandramdiaz3@gmail.com
franciscomolina92@gmail.com
Joymancastro@gmail.com
dzruben30@gmail.com
roger.villamizar04@gmail.com
andrespintoalejandro@gmail.com
albertojcm333@gmail.com
gnava2170@gmail.com